time,Filtered_Torque_Signal
3.109359741210937500e-02,1.628157247584913897e-02
4.359889030456542969e-02,1.650848962516442142e-02
4.859900474548339844e-02,1.671171253270021737e-02
5.887603759765625000e-02,1.692133014377549330e-02
6.449341773986816406e-02,1.712347952949034441e-02
7.569217681884765625e-02,1.734476663711023367e-02
8.103823661804199219e-02,1.757249588945157537e-02
9.068632125854492188e-02,1.778060065054664490e-02
9.662842750549316406e-02,1.798823687007910371e-02
1.056933403015136719e-01,1.819635453370700359e-02
1.121454238891601562e-01,1.839427174089193137e-02
1.228351593017578125e-01,1.855415156794633369e-02
1.269183158874511719e-01,1.872513575221517595e-02
1.384272575378417969e-01,1.887898867881167980e-02
1.434340476989746094e-01,1.902977478057188768e-02
1.548492908477783203e-01,1.918641902583549663e-02
1.608490943908691406e-01,1.933804998624464450e-02
1.711759567260742188e-01,1.949396865843195867e-02
1.761763095855712891e-01,1.963875479790262377e-02
1.876952648162841797e-01,1.978560537394734309e-02
1.926989555358886719e-01,1.995741418222892957e-02
2.024464607238769531e-01,2.014505398722182469e-02
2.194182872772216797e-01,2.032770284830088398e-02
2.254040241241455078e-01,2.050999524030540019e-02
2.341985702514648438e-01,2.068004446832550497e-02
2.405481338500976562e-01,2.083650082119334335e-02
2.497839927673339844e-01,2.098799602142525228e-02
2.557840347290039062e-01,2.112770518775389239e-02
2.666878700256347656e-01,2.126756194427392374e-02
2.736966609954833984e-01,2.138273204743883216e-02
2.817397117614746094e-01,2.149407298461462543e-02
2.897417545318603516e-01,2.162865774312821426e-02
2.976939678192138672e-01,2.179111051370986180e-02
3.046946525573730469e-01,2.195058658009045247e-02
3.147199153900146484e-01,2.213349310325621322e-02
3.217372894287109375e-01,2.230387573732035833e-02
3.302357196807861328e-01,2.249026278176091687e-02
3.362362384796142578e-01,2.269175268480509711e-02
3.455982208251953125e-01,2.289562026400451464e-02
3.526010513305664062e-01,2.308984870611831622e-02
3.625974655151367188e-01,2.330548579144214871e-02
3.705971240997314453e-01,2.353530703156277507e-02
3.785977363586425781e-01,2.377342182820064986e-02
3.835978507995605469e-01,2.401767151459826416e-02
3.938150405883789062e-01,2.428716043277921732e-02
3.998146057128906250e-01,2.454347901681375871e-02
4.108152389526367188e-01,2.479511129220737103e-02
4.158170223236083984e-01,2.504647862978653244e-02
4.267785549163818359e-01,2.532363922396889400e-02
4.426958560943603516e-01,2.561272133877282725e-02
4.486956596374511719e-01,2.590188251734072342e-02
4.590559005737304688e-01,2.618347724535457013e-02
4.640343189239501953e-01,2.647492517458037778e-02
4.740257263183593750e-01,2.675407402639507631e-02
4.800257682800292969e-01,2.705853208218758979e-02
4.906957149505615234e-01,2.737289470022338800e-02
4.964163303375244141e-01,2.771328871133153446e-02
5.069730281829833984e-01,2.807680807748226884e-02
5.128202438354492188e-01,2.844165549461063341e-02
5.220258235931396484e-01,2.883217009390724728e-02
5.281181335449218750e-01,2.922749627492158761e-02
5.386478900909423828e-01,2.962840808046932062e-02
5.456480979919433594e-01,3.002537076369439506e-02
5.546481609344482422e-01,3.042798551914067604e-02
5.606477260589599609e-01,3.082140309870971123e-02
5.706479549407958984e-01,3.122678313534065289e-02
5.766642093658447266e-01,3.163593198531124834e-02
5.867321491241455078e-01,3.205163994140534933e-02
5.925951004028320312e-01,3.248797152790013076e-02
6.027874946594238281e-01,3.292738856318229435e-02
6.088414192199707031e-01,3.336594400135411281e-02
6.187286376953125000e-01,3.381694629492520282e-02
6.247727870941162109e-01,3.426042236215576936e-02
6.346578598022460938e-01,3.473607278666445558e-02
6.416583061218261719e-01,3.521414448407304831e-02
6.504445075988769531e-01,3.571519807419520909e-02
6.666932106018066406e-01,3.623238995641070437e-02
6.737010478973388672e-01,3.674841246079815771e-02
6.816647052764892578e-01,3.727139837186996957e-02
6.896905899047851562e-01,3.779684061634155934e-02
6.990859508514404297e-01,3.832558542938031831e-02
7.040848731994628906e-01,3.885524326600830330e-02
7.151095867156982422e-01,3.939450148901819243e-02
7.221474647521972656e-01,3.995767779988942947e-02
7.302963733673095703e-01,4.053632060317408081e-02
7.372550964355468750e-01,4.112970332999631162e-02
7.468423843383789062e-01,4.172397503390738727e-02
7.528431415557861328e-01,4.232368490132191324e-02
7.628512382507324219e-01,4.295892048522138851e-02
7.678511142730712891e-01,4.360696898805224708e-02
7.785439491271972656e-01,4.426392456031304906e-02
7.845990657806396484e-01,4.492803834901575033e-02
7.945430278778076172e-01,4.562229914471918613e-02
7.995443344116210938e-01,4.633039975782626135e-02
8.104026317596435547e-01,4.706593069601681945e-02
8.164677619934082031e-01,4.780435096033046338e-02
8.271355628967285156e-01,4.854621164720628046e-02
8.327748775482177734e-01,4.928508115723181926e-02
8.425962924957275391e-01,5.002428809344019317e-02
8.475978374481201172e-01,5.075864126754532635e-02
8.598513603210449219e-01,5.153193827172268537e-02
8.648433685302734375e-01,5.232077351836039725e-02
8.758370876312255859e-01,5.312851282271241482e-02
8.814125061035156250e-01,5.394425418793601795e-02
8.908545970916748047e-01,5.477222059975608848e-02
9.065971374511718750e-01,5.561047157263977747e-02
9.125967025756835938e-01,5.647354455673799650e-02
9.235923290252685547e-01,5.736277181200122310e-02
9.290993213653564453e-01,5.827292452491440039e-02
9.398498535156250000e-01,5.921622447349794011e-02
9.448628425598144531e-01,6.021004111280061494e-02
9.556083679199218750e-01,6.123482443909551709e-02
9.616389274597167969e-01,6.231813441705761486e-02
9.715962409973144531e-01,6.343122538624092199e-02
9.773011207580566406e-01,6.455238516336209154e-02
9.875974655151367188e-01,6.567906380806433353e-02
9.925458431243896484e-01,6.683443312547203419e-02
1.003839015960693359e+00,6.799407613835237174e-02
1.008838415145874023e+00,6.918100219132207462e-02
1.018247842788696289e+00,7.038602992004995562e-02
1.024690628051757812e+00,7.162781858306607741e-02
1.034198999404907227e+00,7.288868617127655658e-02
1.040243148803710938e+00,7.416620265497497755e-02
1.050254344940185547e+00,7.547105843862580987e-02
1.056242704391479492e+00,7.679480877197070177e-02
1.067379236221313477e+00,7.814579966142745637e-02
1.073447704315185547e+00,7.951189023661042743e-02
1.081590652465820312e+00,8.088579559312593370e-02
1.088231086730957031e+00,8.226509260596651107e-02
1.098232746124267578e+00,8.365983398108452207e-02
1.104239940643310547e+00,8.505824900556611945e-02
1.114719867706298828e+00,8.649869706753596232e-02
1.130830526351928711e+00,8.798446527811690232e-02
1.136855602264404297e+00,8.950020792310758866e-02
1.145837783813476562e+00,9.102325478805808889e-02
1.151865720748901367e+00,9.255232659578421783e-02
1.162590026855468750e+00,9.406818320590601412e-02
1.167998790740966797e+00,9.561286099268595517e-02
1.177597761154174805e+00,9.713939805979188158e-02
1.183598756790161133e+00,9.865662293129456861e-02
1.194597959518432617e+00,1.001544049325494290e-01
1.200492620468139648e+00,1.016548875613641212e-01
1.210423231124877930e+00,1.031443547186744469e-01
1.215424060821533203e+00,1.046281385822303567e-01
1.226172208786010742e+00,1.061082883784685849e-01
1.231673955917358398e+00,1.075631640632562919e-01
1.242673635482788086e+00,1.090200386592664328e-01
1.247754335403442383e+00,1.104541466524660287e-01
1.258852481842041016e+00,1.118759067278986136e-01
1.263841390609741211e+00,1.133135948804704085e-01
1.274693012237548828e+00,1.147571243356489690e-01
1.279762744903564453e+00,1.161946590465465778e-01
1.292021274566650391e+00,1.176323812762711807e-01
1.297586917877197266e+00,1.190934625841168770e-01
1.306699275970458984e+00,1.205528599352621993e-01
1.313706159591674805e+00,1.220264917022281931e-01
1.322718381881713867e+00,1.234967918647465468e-01
1.328721284866333008e+00,1.249844003328492159e-01
1.339746475219726562e+00,1.264691934420696384e-01
1.355802297592163086e+00,1.279727912693141845e-01
1.360802173614501953e+00,1.294424168116679041e-01
1.370573997497558594e+00,1.309646789343048012e-01
1.378204584121704102e+00,1.325192589207971061e-01
1.387205839157104492e+00,1.340704774229324603e-01
1.392204523086547852e+00,1.356391232541470371e-01
1.402207136154174805e+00,1.372349663533545538e-01
1.408204078674316406e+00,1.388205008487624625e-01
1.417949914932250977e+00,1.404149549759629578e-01
1.423949718475341797e+00,1.420599923459576475e-01
1.433656454086303711e+00,1.437385799198213077e-01
1.440656423568725586e+00,1.454363547115232747e-01
1.449620246887207031e+00,1.471933948470853792e-01
1.456620931625366211e+00,1.489419966446154930e-01
1.465855598449707031e+00,1.506664153191804301e-01
1.472869157791137695e+00,1.524051414097205015e-01
1.481597661972045898e+00,1.541539274804410442e-01
1.488951921463012695e+00,1.559205613533136692e-01
1.497836589813232422e+00,1.577226491175161560e-01
1.504856348037719727e+00,1.595211574117622044e-01
1.513852596282958984e+00,1.613191116128746549e-01
1.520854711532592773e+00,1.631589665172696879e-01
1.530357360839843750e+00,1.650524586286357676e-01
1.537359237670898438e+00,1.669775718588769053e-01
1.545844554901123047e+00,1.688766537999626394e-01
1.552844047546386719e+00,1.707980396004341039e-01
1.561835289001464844e+00,1.727162048174945008e-01
1.567835092544555664e+00,1.746254844919235549e-01
1.578551769256591797e+00,1.765393367024867544e-01
1.594839096069335938e+00,1.784484897309525087e-01
1.600236177444458008e+00,1.803233132007116546e-01
1.610947608947753906e+00,1.821666801339682507e-01
1.617057561874389648e+00,1.839674465143330551e-01
1.626181602478027344e+00,1.857484828378746511e-01
1.632547378540039062e+00,1.875304597821501607e-01
1.642705202102661133e+00,1.893007678902919044e-01
1.647691488265991211e+00,1.911188292011327394e-01
1.658188104629516602e+00,1.929622607390585332e-01
1.664187669754028320e+00,1.948257073913639836e-01
1.674693346023559570e+00,1.966782650108946928e-01
1.680857658386230469e+00,1.985109711576034108e-01
1.690695047378540039e+00,2.003394642071127385e-01
1.696759700775146484e+00,2.021474534140836887e-01
1.707010269165039062e+00,2.039504501918615875e-01
1.713011503219604492e+00,2.057585310604554130e-01
1.723017215728759766e+00,2.075681849315794136e-01
1.728938341140747070e+00,2.093737716909757629e-01
1.739024162292480469e+00,2.111676770160694772e-01
1.744690656661987305e+00,2.129779378359636655e-01
1.755023002624511719e+00,2.148078468361591664e-01
1.761021852493286133e+00,2.166519342222489319e-01
1.771693706512451172e+00,2.185148593632558756e-01
1.777023792266845703e+00,2.203678027770971382e-01
1.787220954895019531e+00,2.221981237849003643e-01
1.793141126632690430e+00,2.240351390673310794e-01
1.802142381668090820e+00,2.258379672141889727e-01
1.820443153381347656e+00,2.276459634107529939e-01
1.825836896896362305e+00,2.294887661157253289e-01
1.835038185119628906e+00,2.312859095078074190e-01
1.841082334518432617e+00,2.330869121284790957e-01
1.850037574768066406e+00,2.348822008936069516e-01
1.856083154678344727e+00,2.366659663727626595e-01
1.866860866546630859e+00,2.384575742499668860e-01
1.872861146926879883e+00,2.402622462206976950e-01
1.881595134735107422e+00,2.420909717314891352e-01
1.888595819473266602e+00,2.439203825888424937e-01
1.898596048355102539e+00,2.457404601599273430e-01
1.904596090316772461e+00,2.475449659027428861e-01
1.914844989776611328e+00,2.493652375053914683e-01
1.921982765197753906e+00,2.511894940906386209e-01
1.929712772369384766e+00,2.530185972155608587e-01
1.937235832214355469e+00,2.548289228037520782e-01
1.947244167327880859e+00,2.566035086126726705e-01
1.954235792160034180e+00,2.583579478709797095e-01
1.962239742279052734e+00,2.601016733864477959e-01
1.968321323394775391e+00,2.618462677711114184e-01
1.977598905563354492e+00,2.635916109820541364e-01
1.983599185943603516e+00,2.653265612120970784e-01
1.994599580764770508e+00,2.670577694619077347e-01
1.999599218368530273e+00,2.688111585102387346e-01
2.010547876358032227e+00,2.705376415456297590e-01
2.016513347625732422e+00,2.722353419827198140e-01
2.026196241378784180e+00,2.739612311719881177e-01
2.042415142059326172e+00,2.757085539461427981e-01
2.047415256500244141e+00,2.774347611888381415e-01
2.057918787002563477e+00,2.791750116747694355e-01
2.063918590545654297e+00,2.808883509482571483e-01
2.074696779251098633e+00,2.825836023912888240e-01
2.080422401428222656e+00,2.843164154787031772e-01
2.089691162109375000e+00,2.860594380716553475e-01
2.096691608428955078e+00,2.878264635793091331e-01
2.106692314147949219e+00,2.896202939535105214e-01
2.112548351287841797e+00,2.914401639020744450e-01
2.121930360794067383e+00,2.932492559764589002e-01
2.128018379211425781e+00,2.950804365273165253e-01
2.138629436492919922e+00,2.969124342146292062e-01
2.144629716873168945e+00,2.987330320567629371e-01
2.154619932174682617e+00,3.005470185257561044e-01
2.159703254699707031e+00,3.023427210252558894e-01
2.170852184295654297e+00,3.041620858202492284e-01
2.175852298736572266e+00,3.059826477894952435e-01
2.186846733093261719e+00,3.077715914795516872e-01
2.192841291427612305e+00,3.095619397787529037e-01
2.201849937438964844e+00,3.113677640687664283e-01
2.207937002182006836e+00,3.131848399177417086e-01
2.217935800552368164e+00,3.150026289426776649e-01
2.224946975708007812e+00,3.168307900630838447e-01
2.234441280364990234e+00,3.186457041562635317e-01
2.240440607070922852e+00,3.204755402961281807e-01
2.249844074249267578e+00,3.223270614673917622e-01
2.266607284545898438e+00,3.241954863644868068e-01
2.272299528121948242e+00,3.260714656540271705e-01
2.282594919204711914e+00,3.279226434939994661e-01
2.289227724075317383e+00,3.297506155158294039e-01
2.298225164413452148e+00,3.316048192994992538e-01
2.305225610733032227e+00,3.334323827089331616e-01
2.315225362777709961e+00,3.352921747936071784e-01
2.321263790130615234e+00,3.371286206818927544e-01
2.330605983734130859e+00,3.389488590350392405e-01
2.339108228683471680e+00,3.407649748726931938e-01
2.347108125686645508e+00,3.425946102602043242e-01
2.355108261108398438e+00,3.444100244596918214e-01
2.363108158111572266e+00,3.462074433750940150e-01
2.370109081268310547e+00,3.479878470486960085e-01
2.378107786178588867e+00,3.497594253160762334e-01
2.385108947753906250e+00,3.515284862234313579e-01
2.396108627319335938e+00,3.533319729004605891e-01
2.403108119964599609e+00,3.551497629560494418e-01
2.410108327865600586e+00,3.569598444631223999e-01
2.416146278381347656e+00,3.587366006147743591e-01
2.428068876266479492e+00,3.605167836665734704e-01
2.432715654373168945e+00,3.622931540392806959e-01
2.442764520645141602e+00,3.640820934673422160e-01
2.448685884475708008e+00,3.658522663236377648e-01
2.458724498748779297e+00,3.676230536744128363e-01
2.464911937713623047e+00,3.693599426579189382e-01
2.473843812942504883e+00,3.710883221200751425e-01
2.479843378067016602e+00,3.728054942784577719e-01
2.490863561630249023e+00,3.744784718886449704e-01
2.506862163543701172e+00,3.761194599229410462e-01
2.511863708496093750e+00,3.777397813801495197e-01
2.523678779602050781e+00,3.793470252253252628e-01
2.529704570770263672e+00,3.809390436468450547e-01
2.539340972900390625e+00,3.825417663094585197e-01
2.544307470321655273e+00,3.841395795011519620e-01
2.554308652877807617e+00,3.857680051885156169e-01
2.560378313064575195e+00,3.873814956471191562e-01
2.572363615036010742e+00,3.890005563380719567e-01
2.578007459640502930e+00,3.906010219569310271e-01
2.587007284164428711e+00,3.921704218486261606e-01
2.592090845108032227e+00,3.937409667716555428e-01
2.603044033050537109e+00,3.953142350955223261e-01
2.609007120132446289e+00,3.968902984645170662e-01
2.619009256362915039e+00,3.984764762879142719e-01
2.625462055206298828e+00,4.000259444151914590e-01
2.633947610855102539e+00,4.015459365313136519e-01
2.641145467758178711e+00,4.030365162038879179e-01
2.649692535400390625e+00,4.045029245482482105e-01
2.656293630599975586e+00,4.059938379660310570e-01
2.667300224304199219e+00,4.074792925692038992e-01
2.673337936401367188e+00,4.089542105190260290e-01
2.681697368621826172e+00,4.104332654754027088e-01
2.687288284301757812e+00,4.119188619304477439e-01
2.698287010192871094e+00,4.133900425954585844e-01
2.704287290573120117e+00,4.148623731617654409e-01
2.714287519454956055e+00,4.163146248056199261e-01
2.730288505554199219e+00,4.177611724753309552e-01
2.736803293228149414e+00,4.192063336974707899e-01
2.745802640914916992e+00,4.206610595252820439e-01
2.751802206039428711e+00,4.220697827363578125e-01
2.763802528381347656e+00,4.234811904827333051e-01
2.769860267639160156e+00,4.248728754367494531e-01
2.777860164642333984e+00,4.262675028043654835e-01
2.783859252929687500e+00,4.276362578138486192e-01
2.793613433837890625e+00,4.289783462964402716e-01
2.800612926483154297e+00,4.302792610567729437e-01
2.811270713806152344e+00,4.315686466442605340e-01
2.817032575607299805e+00,4.328539947854996850e-01
2.826144933700561523e+00,4.341630705938097634e-01
2.831231832504272461e+00,4.354665683520770880e-01
2.842615365982055664e+00,4.367826517683478516e-01
2.847614765167236328e+00,4.380475768449725305e-01
2.858597517013549805e+00,4.393038499288756116e-01
2.864599227905273438e+00,4.405380949018645187e-01
2.874847412109375000e+00,4.417708007799475700e-01
2.880847692489624023e+00,4.429677660424696795e-01
2.889853477478027344e+00,4.441394469641223308e-01
2.896854400634765625e+00,4.452735869020199577e-01
2.906853437423706055e+00,4.463777549260011801e-01
2.912853002548217773e+00,4.474416739464819881e-01
2.922838211059570312e+00,4.484620257965654666e-01
2.928851127624511719e+00,4.494439805192310677e-01
2.938559770584106445e+00,4.503802875412363238e-01
2.955072164535522461e+00,4.512869335669137394e-01
2.961088180541992188e+00,4.521412840982260706e-01
2.971071720123291016e+00,4.530204495694442057e-01
2.976072549819946289e+00,4.538879270005692357e-01
2.986603736877441406e+00,4.547222771515422313e-01
2.991603374481201172e+00,4.555600008605849016e-01
3.002840518951416016e+00,4.563932432112891568e-01
3.011839389801025391e+00,4.572093501737539700e-01
3.018841981887817383e+00,4.580042820602208686e-01
3.024871587753295898e+00,4.587509594457276352e-01
3.035122871398925781e+00,4.594782248723873197e-01
3.044121503829956055e+00,4.601821260748614195e-01
3.054122209548950195e+00,4.608775606782018475e-01
3.060388326644897461e+00,4.615360157707507627e-01
3.066363811492919922e+00,4.621709378492022680e-01
3.072363853454589844e+00,4.627849623933419920e-01
3.083867788314819336e+00,4.634148368872485491e-01
3.089861154556274414e+00,4.640106496463146102e-01
3.097860574722290039e+00,4.646070601104230202e-01
3.104876756668090820e+00,4.651512828197522098e-01
3.113859891891479492e+00,4.656706987814415166e-01
3.120954275131225586e+00,4.661558644395085715e-01
3.129956483840942383e+00,4.666754653766413963e-01
3.136556625366210938e+00,4.671649268608275007e-01
3.146282434463500977e+00,4.676932723641486489e-01
3.152026176452636719e+00,4.681994192969298196e-01
3.162615299224853516e+00,4.687314128899142673e-01
3.168244600296020508e+00,4.692987262928735581e-01
3.178848981857299805e+00,4.698799860271235529e-01
3.193823337554931641e+00,4.704591718132006273e-01
3.199823379516601562e+00,4.710498437645784797e-01
3.210496664047241211e+00,4.716506322924722827e-01
3.215496063232421875e+00,4.722402981069677708e-01
3.226733446121215820e+00,4.728289226060546913e-01
3.231733083724975586e+00,4.734249855044553312e-01
3.242338418960571289e+00,4.740067522578610970e-01
3.248338460922241211e+00,4.745831726030470543e-01
3.259150266647338867e+00,4.751290767325439535e-01
3.264497041702270508e+00,4.756585240638577794e-01
3.275805234909057617e+00,4.761749747750962936e-01
3.280775547027587891e+00,4.766530514051694478e-01
3.290735244750976562e+00,4.771399153270798887e-01
3.295747756958007812e+00,4.775922946683378023e-01
3.305840969085693359e+00,4.780378910710237350e-01
3.311842203140258789e+00,4.784793908415535535e-01
3.323848962783813477e+00,4.788904540307492574e-01
3.328912258148193359e+00,4.792757749386503674e-01
3.338538169860839844e+00,4.796325749198897537e-01
3.344550609588623047e+00,4.799893236988576617e-01
3.353842020034790039e+00,4.803432095201304319e-01
3.360862255096435547e+00,4.806590971111748267e-01
3.371953010559082031e+00,4.809648584011623207e-01
3.376953125000000000e+00,4.812366061932144001e-01
3.386776447296142578e+00,4.815038061611877640e-01
3.392776012420654297e+00,4.817632164205998269e-01
3.419798612594604492e+00,4.820377065776284553e-01
3.424799680709838867e+00,4.822829105257400162e-01
3.434110164642333984e+00,4.824664804771554572e-01
3.440120935440063477e+00,4.826388915468650675e-01
3.449599504470825195e+00,4.827708879825194921e-01
3.455598592758178711e+00,4.829021318037468591e-01
3.465819835662841797e+00,4.830369299259228422e-01
3.472820043563842773e+00,4.831587975431264059e-01
3.481616258621215820e+00,4.832946404749220437e-01
3.488615512847900391e+00,4.834261677543750246e-01
3.497600078582763672e+00,4.835545933841756128e-01
3.504599809646606445e+00,4.836682909924484575e-01
3.514590740203857422e+00,4.837904991198240801e-01
3.520591497421264648e+00,4.838862401846157346e-01
3.529601097106933594e+00,4.839659502810423342e-01
3.536118745803833008e+00,4.840568716949910644e-01
3.545609235763549805e+00,4.841162243891249939e-01
3.552703619003295898e+00,4.841919105792932276e-01
3.562605381011962891e+00,4.842788584395518181e-01
3.568319320678710938e+00,4.844010755002529089e-01
3.577602148056030273e+00,4.845525004623318921e-01
3.583996295928955078e+00,4.847089240988402548e-01
3.594602823257446289e+00,4.848946930424183899e-01
3.599601984024047852e+00,4.850939722048094316e-01
3.610602855682373047e+00,4.853051297344002091e-01
3.616575002670288086e+00,4.855342304500208650e-01
3.628166913986206055e+00,4.857306010464926826e-01
3.644229173660278320e+00,4.859355126393924973e-01
3.650239944458007812e+00,4.861491658352008471e-01
3.659229040145874023e+00,4.863194529965255697e-01
3.665238857269287109e+00,4.864418553196412365e-01
3.674836635589599609e+00,4.865750292595381055e-01
3.680624723434448242e+00,4.867181302678817434e-01
3.690600872039794922e+00,4.868352271242991636e-01
3.696789264678955078e+00,4.869702386217905632e-01
3.706816673278808594e+00,4.870881782459702825e-01
3.711816787719726562e+00,4.871991874005998646e-01
3.722843170166015625e+00,4.873241493161978299e-01
3.728844165802001953e+00,4.874288729455544811e-01
3.739536285400390625e+00,4.875323916645640243e-01
3.744536161422729492e+00,4.876345518914774191e-01
3.755869150161743164e+00,4.877298676066522121e-01
3.760843038558959961e+00,4.878382143597626008e-01
3.770854234695434570e+00,4.879378420705665631e-01
3.776475191116333008e+00,4.880217675538679467e-01
3.786840915679931641e+00,4.881153131184562399e-01
3.792841434478759766e+00,4.882047110177235583e-01
3.801835536956787109e+00,4.882846934411861350e-01
3.807834625244140625e+00,4.883377507682185592e-01
3.817852973937988281e+00,4.883418317068660697e-01
3.823855400085449219e+00,4.883314802707790503e-01
3.834604978561401367e+00,4.883366335979945072e-01
3.841251373291015625e+00,4.883300100360782325e-01
3.850850343704223633e+00,4.883220754198759339e-01
3.856850862503051758e+00,4.882695831912661211e-01
3.865850448608398438e+00,4.882450234884528895e-01
3.883634328842163086e+00,4.882197926674765043e-01
3.890248060226440430e+00,4.881881666515955898e-01
3.898235082626342773e+00,4.881669282659990561e-01
3.904235124588012695e+00,4.881560398776376708e-01
3.913838863372802734e+00,4.881519179040290646e-01
3.919842958450317383e+00,4.881534928913887073e-01
3.929879665374755859e+00,4.881949138764735130e-01
3.936267375946044922e+00,4.882534421276042980e-01
3.946279287338256836e+00,4.883307346104063251e-01
3.952183246612548828e+00,4.884389799243794572e-01
3.962182998657226562e+00,4.885444380892315919e-01
3.968183755874633789e+00,4.886134757454216326e-01
3.979182958602905273e+00,4.886575436659211791e-01
3.985183238983154297e+00,4.886982662031626456e-01
3.994183540344238281e+00,4.887306063974896642e-01
3.999268054962158203e+00,4.887491609802482317e-01
4.010183095932006836e+00,4.887468089858327813e-01
4.016182661056518555e+00,4.887569298637581827e-01
4.027185440063476562e+00,4.887457528209113167e-01
4.031280994415283203e+00,4.887219375000367849e-01
4.042826414108276367e+00,4.887390341999777732e-01
4.048825979232788086e+00,4.887808444128700636e-01
4.058846473693847656e+00,4.888627901893079497e-01
4.064846515655517578e+00,4.889571639244574830e-01
4.075851202011108398e+00,4.890513013243673601e-01
4.080851554870605469e+00,4.891163167517649235e-01
4.090892553329467773e+00,4.891985881163649630e-01
4.106855630874633789e+00,4.892696991935553408e-01
4.111836194992065430e+00,4.893608980750372428e-01
4.122611284255981445e+00,4.894490560545295965e-01
4.128611326217651367e+00,4.895568720592938239e-01
4.138871431350708008e+00,4.896812727338109017e-01
4.144912242889404297e+00,4.898173997288308157e-01
4.153604745864868164e+00,4.899417821849640364e-01
4.159604072570800781e+00,4.900532593447989860e-01
4.171835660934448242e+00,4.901559144639304755e-01
4.176890850067138672e+00,4.902485513772539272e-01
4.186836957931518555e+00,4.903464594006921029e-01
4.192746877670288086e+00,4.904417867531516984e-01
4.201602220535278320e+00,4.905117410590600913e-01
4.208602190017700195e+00,4.905835812381992289e-01
4.218606948852539062e+00,4.906779576835923473e-01
4.224604368209838867e+00,4.907903917124813997e-01
4.233598947525024414e+00,4.909369977403699181e-01
4.240695953369140625e+00,4.910714966094730238e-01
4.249858617782592773e+00,4.911979972982993825e-01
4.255858659744262695e+00,4.913459235971357475e-01
4.265527725219726562e+00,4.915106292060557047e-01
4.272527217864990234e+00,4.917064818465031184e-01
4.281601905822753906e+00,4.918968988970037204e-01
4.288602828979492188e+00,4.920561102476891935e-01
4.297849178314208984e+00,4.922066284421981464e-01
4.304848909378051758e+00,4.923373700476589843e-01
4.313849925994873047e+00,4.924699500233933880e-01
4.329852581024169922e+00,4.925879721125550614e-01
4.336365699768066406e+00,4.927350216887892431e-01
4.345615386962890625e+00,4.928505476063302915e-01
4.352614879608154297e+00,4.929526048270654881e-01
4.362615823745727539e+00,4.930626391505665840e-01
4.367614746093750000e+00,4.931828471388574053e-01
4.377599954605102539e+00,4.932990661724175885e-01
4.384141683578491211e+00,4.933725164547754782e-01
4.393603563308715820e+00,4.934227329456004618e-01
4.399603128433227539e+00,4.934875534006154529e-01
4.410602569580078125e+00,4.935954796341148754e-01
4.417418718338012695e+00,4.936901038141698894e-01
4.426433801651000977e+00,4.937624956577176816e-01
4.431510210037231445e+00,4.938494151703061164e-01
4.443101882934570312e+00,4.939117718921082201e-01
4.448107719421386719e+00,4.940077357554468751e-01
4.459844350814819336e+00,4.941172808156395480e-01
4.464847326278686523e+00,4.942289151213826170e-01
4.474838733673095703e+00,4.943317835012256967e-01
4.480837821960449219e+00,4.944121047425337201e-01
4.490836381912231445e+00,4.945054931296787304e-01
4.496842384338378906e+00,4.946161029786882435e-01
4.506835937500000000e+00,4.947200075235212990e-01
4.512494087219238281e+00,4.948310152012580510e-01
4.522601842880249023e+00,4.949448429456939080e-01
4.528602838516235352e+00,4.950571406064541158e-01
4.539357900619506836e+00,4.951846564888716662e-01
4.544424057006835938e+00,4.953109513572418465e-01
4.554936885833740234e+00,4.954326340514887406e-01
4.571606397628784180e+00,4.955215914943613686e-01
4.577606439590454102e+00,4.956223148742067153e-01
4.586854219436645508e+00,4.957052213247558070e-01
4.592854738235473633e+00,4.957953728642845448e-01
4.602603197097778320e+00,4.958974812954775047e-01
4.608611583709716797e+00,4.959896794585233470e-01
4.620617389678955078e+00,4.960587139923181565e-01
4.626548051834106445e+00,4.961185069559153060e-01
4.634528875350952148e+00,4.962176579619045347e-01
4.641033172607421875e+00,4.962989761281729750e-01
4.650032997131347656e+00,4.963666443877315371e-01
4.656033039093017578e+00,4.963999274513031801e-01
4.667078256607055664e+00,4.964674642403685834e-01
4.674038648605346680e+00,4.965361110891972629e-01
4.683033466339111328e+00,4.966003236971310852e-01
4.689114809036254883e+00,4.966480230556239439e-01
4.698033332824707031e+00,4.966608958137141427e-01
4.704032897949218750e+00,4.966377982020352411e-01
4.715838432312011719e+00,4.965919720365597478e-01
4.721839427947998047e+00,4.965572401161356675e-01
4.730840206146240234e+00,4.965026425094523077e-01
4.735703468322753906e+00,4.964440760171968114e-01
4.745847225189208984e+00,4.964051751264150214e-01
4.751846790313720703e+00,4.963344117726294913e-01
4.761855840682983398e+00,4.962522714129347645e-01
4.768862485885620117e+00,4.961366913725296923e-01
4.778692245483398438e+00,4.959896388114306554e-01
4.794835805892944336e+00,4.958462590729147967e-01
4.799814224243164062e+00,4.956958199236771168e-01
4.810382366180419922e+00,4.955417692686651665e-01
4.816460609436035156e+00,4.954182064382161021e-01
4.827184915542602539e+00,4.952623452725676279e-01
4.832830429077148438e+00,4.951272637248882447e-01
4.842925310134887695e+00,4.949831688595103252e-01
4.847925662994384766e+00,4.948280669027944056e-01
4.858869075775146484e+00,4.946473194720394928e-01
4.864753484725952148e+00,4.944692675879805432e-01
4.874600887298583984e+00,4.943154652334977861e-01
4.880465984344482422e+00,4.941457095781822684e-01
4.890588283538818359e+00,4.939868793772235200e-01
4.895968198776245117e+00,4.938387355991655792e-01
4.906960248947143555e+00,4.936795253088389068e-01
4.912982940673828125e+00,4.935108765053994317e-01
4.922947168350219727e+00,4.933475024282087951e-01
4.927943229675292969e+00,4.931624785453374016e-01
4.938457727432250977e+00,4.930187153669437494e-01
4.943438053131103516e+00,4.928670106319748001e-01
4.954838752746582031e+00,4.927320773361771322e-01
4.960564136505126953e+00,4.925788918102844693e-01
4.970889568328857422e+00,4.924384843382689780e-01
4.976668119430541992e+00,4.923298942962980873e-01
4.986668109893798828e+00,4.922330368309243420e-01
4.992668390274047852e+00,4.920846952190856549e-01
5.002668142318725586e+00,4.919522983477097045e-01
5.017976760864257812e+00,4.918074606890066036e-01
5.023979902267456055e+00,4.916789973834672089e-01
5.033978939056396484e+00,4.915737523975286516e-01
5.039680719375610352e+00,4.914530742689640075e-01
5.049612998962402344e+00,4.913150728135996514e-01
5.056621313095092773e+00,4.911893761677312842e-01
5.065601348876953125e+00,4.910518689508099888e-01
5.072600364685058594e+00,4.909338108689843549e-01
5.081599712371826172e+00,4.907800357687219228e-01
5.087603092193603516e+00,4.906244224012098476e-01
5.098587751388549805e+00,4.904568783328290271e-01
5.104588508605957031e+00,4.903252994224583383e-01
5.113848209381103516e+00,4.901855569139265123e-01
5.120857715606689453e+00,4.900169940267057878e-01
5.129834890365600586e+00,4.898299459008241818e-01
5.136336326599121094e+00,4.896571587378747425e-01
5.146343946456909180e+00,4.894757579394567459e-01
5.152353048324584961e+00,4.893032015847639804e-01
5.162606954574584961e+00,4.891313955942657721e-01
5.168410539627075195e+00,4.889373678904587184e-01
5.178552389144897461e+00,4.887306046693304928e-01
5.184401273727416992e+00,4.884900214879928093e-01
5.194401741027832031e+00,4.882530042311814533e-01
5.200401306152343750e+00,4.879837616123821054e-01
5.210401058197021484e+00,4.877391148391109210e-01
5.215497255325317383e+00,4.874778385323255137e-01
5.226264715194702148e+00,4.871984132419245883e-01
5.233247041702270508e+00,4.869153578174338914e-01
5.241974353790283203e+00,4.866386554142647647e-01
5.257838487625122070e+00,4.863830649831941688e-01
5.263855695724487305e+00,4.861390383637076429e-01
5.274615049362182617e+00,4.858991010660552723e-01
5.279613733291625977e+00,4.856885462719953139e-01
5.290837287902832031e+00,4.854781448704102997e-01
5.295838356018066406e+00,4.853107867348581128e-01
5.306834220886230469e+00,4.851361237259743664e-01
5.312755346298217773e+00,4.849661537937118849e-01
5.322838068008422852e+00,4.848156083046099019e-01
5.328840494155883789e+00,4.847067116466312608e-01
5.339260101318359375e+00,4.845991825394513897e-01
5.344351291656494141e+00,4.844992397206899781e-01
5.354836702346801758e+00,4.843806529465248256e-01
5.360632419586181641e+00,4.842614865294007087e-01
5.370835304260253906e+00,4.841583241289876272e-01
5.375834703445434570e+00,4.840680646611683069e-01
5.386852025985717773e+00,4.839610489992544617e-01
5.392847537994384766e+00,4.838602842013526306e-01
5.402865171432495117e+00,4.837585034675773166e-01
5.408866882324218750e+00,4.836541764971641344e-01
5.419855833053588867e+00,4.836011239012968921e-01
5.425960540771484375e+00,4.835646584291726224e-01
5.434961795806884766e+00,4.835156183364577309e-01
5.441181182861328125e+00,4.834782210980625994e-01
5.450844049453735352e+00,4.834488708757781472e-01
5.456844091415405273e+00,4.834377861645058339e-01
5.466861248016357422e+00,4.834404283689718862e-01
5.482848644256591797e+00,4.834457678489774701e-01
5.488848447799682617e+00,4.834677177003647297e-01
5.498610019683837891e+00,4.835165854041740263e-01
5.503609895706176758e+00,4.835312115984705672e-01
5.514599323272705078e+00,4.835379490520534396e-01
5.520612716674804688e+00,4.835196053814813100e-01
5.530599594116210938e+00,4.834601734182155663e-01
5.537102222442626953e+00,4.834121914095750316e-01
5.545845270156860352e+00,4.833486305698040941e-01
5.552845239639282227e+00,4.832587962215179611e-01
5.562613248825073242e+00,4.831425389842914919e-01
5.569388866424560547e+00,4.829771185751385865e-01
5.578601121902465820e+00,4.828032335798696506e-01
5.584602117538452148e+00,4.826118365021234702e-01
5.593841075897216797e+00,4.824499344211047314e-01
5.599870920181274414e+00,4.822829730951728178e-01
5.610852718353271484e+00,4.821139877085212078e-01
5.616840839385986328e+00,4.819695371885373003e-01
5.626842260360717773e+00,4.818158838930764465e-01
5.632889747619628906e+00,4.816172163251271066e-01
5.643152475357055664e+00,4.814151461067402993e-01
5.648154258728027344e+00,4.812324322731215132e-01
5.659623146057128906e+00,4.810431997731543508e-01
5.665127038955688477e+00,4.808313585263130352e-01
5.675126791000366211e+00,4.806278531539300847e-01
5.680127382278442383e+00,4.804183384588711636e-01
5.690851688385009766e+00,4.802260997776722773e-01
5.706764459609985352e+00,4.800493343331118101e-01
5.712763309478759766e+00,4.798337541910807635e-01
5.722602844238281250e+00,4.796241831834719416e-01
5.728123426437377930e+00,4.794093069253034800e-01
5.738637447357177734e+00,4.791470351199993427e-01
5.743628263473510742e+00,4.788784165756084232e-01
5.754846096038818359e+00,4.785910819726424403e-01
5.761157512664794922e+00,4.782787202098387480e-01
5.770843744277954102e+00,4.779988062064302046e-01
5.776844501495361328e+00,4.777402212793134817e-01
5.786858081817626953e+00,4.774890453617091635e-01
5.792860507965087891e+00,4.772479874750105711e-01
5.802587747573852539e+00,4.770508532249119193e-01
5.808587312698364258e+00,4.768946252772313654e-01
5.817852973937988281e+00,4.767892689815449447e-01
5.823954105377197266e+00,4.766614867785260445e-01
5.833600044250488281e+00,4.765656096534491848e-01
5.840101957321166992e+00,4.764582041166935400e-01
5.850336074829101562e+00,4.763792321531347129e-01
5.857314825057983398e+00,4.762702337470475222e-01
5.865856885910034180e+00,4.761369065151476732e-01
5.872573137283325195e+00,4.760033470275930600e-01
5.881849765777587891e+00,4.759075334149979186e-01
5.888849735260009766e+00,4.758172675125071360e-01
5.898849248886108398e+00,4.757090331776487879e-01
5.904857635498046875e+00,4.755916016268216806e-01
5.913730859756469727e+00,4.754469057210951588e-01
5.929602622985839844e+00,4.753011463033375295e-01
5.937123537063598633e+00,4.751919443705777679e-01
5.946337699890136719e+00,4.750609016688365216e-01
5.953338384628295898e+00,4.749329029084600751e-01
5.961855173110961914e+00,4.748323480780457517e-01
5.967856168746948242e+00,4.747634103632574210e-01
5.977599620819091797e+00,4.747044833094694605e-01
5.983598947525024414e+00,4.746624888602203884e-01
5.994794130325317383e+00,4.746319838147882719e-01
6.000794649124145508e+00,4.746452727808154193e-01
6.010248661041259766e+00,4.746997011945192080e-01
6.016248941421508789e+00,4.747536367153112336e-01
6.026232481002807617e+00,4.748241282685591313e-01
6.032236814498901367e+00,4.748708509683581824e-01
6.043134212493896484e+00,4.748979559062660449e-01
6.048785686492919922e+00,4.749032891824993552e-01
6.058841228485107422e+00,4.748967624023973100e-01
6.064841270446777344e+00,4.748658858542350591e-01
6.074728488922119141e+00,4.748725662620496557e-01
6.080759048461914062e+00,4.748382226659430549e-01
6.091834068298339844e+00,4.747918873014141949e-01
6.097833871841430664e+00,4.747217242442300367e-01
6.106860876083374023e+00,4.746448100218424448e-01
6.112868070602416992e+00,4.745591995061976265e-01
6.122837543487548828e+00,4.744730576898710250e-01
6.127848148345947266e+00,4.743857733838331980e-01
6.139358043670654297e+00,4.743158101035644947e-01
6.144366979598999023e+00,4.742683060432272280e-01
6.155838251113891602e+00,4.742328395592221302e-01
6.171604394912719727e+00,4.742128084421781686e-01
6.177603721618652344e+00,4.741752105665684169e-01
6.186939001083374023e+00,4.741268005730021606e-01
6.192744016647338867e+00,4.740984071162091529e-01
6.202607154846191406e+00,4.740348331415660255e-01
6.208660840988159180e+00,4.739609450733442975e-01
6.220599889755249023e+00,4.738701028996594733e-01
6.228537321090698242e+00,4.737732299917167267e-01
6.236536741256713867e+00,4.737046224152843266e-01
6.242237329483032227e+00,4.736030981913589288e-01
6.251882791519165039e+00,4.734963109796382907e-01
6.258877038955688477e+00,4.733513805214096815e-01
6.266942977905273438e+00,4.731883643851074739e-01
6.271964311599731445e+00,4.730172861350339097e-01
6.281845569610595703e+00,4.728363772767446571e-01
6.288812637329101562e+00,4.726758525962671542e-01
6.298842191696166992e+00,4.724950651117404421e-01
6.303843259811401367e+00,4.723488957398618293e-01
6.315834045410156250e+00,4.722182031313326145e-01
6.322833538055419922e+00,4.720422173522863529e-01
6.330835580825805664e+00,4.718958061642169466e-01
6.336640119552612305e+00,4.717612771221058043e-01
6.346609592437744141e+00,4.716143156431133465e-01
6.352382898330688477e+00,4.714792699090120665e-01
6.362744331359863281e+00,4.713470825956231347e-01
6.369713544845581055e+00,4.712271421215828981e-01
6.378695726394653320e+00,4.711109153475731004e-01
6.394654750823974609e+00,4.709714241257887402e-01
6.400689840316772461e+00,4.708158924265142820e-01
6.414654493331909180e+00,4.706549559099096336e-01
6.419654607772827148e+00,4.705087836872249296e-01
6.428656578063964844e+00,4.703752939799115684e-01
6.435657262802124023e+00,4.702676704359410320e-01
6.445416927337646484e+00,4.701225511774667076e-01
6.452416658401489258e+00,4.700103832195430820e-01
6.459529399871826172e+00,4.698914288348775004e-01
6.465416669845581055e+00,4.697702468111706331e-01
6.475416898727416992e+00,4.696504155852273543e-01
6.480502605438232422e+00,4.695257094158217792e-01
6.490613460540771484e+00,4.694349024051437946e-01
6.496402978897094727e+00,4.693344998281053226e-01
6.508391618728637695e+00,4.692371758489115585e-01
6.513391494750976562e+00,4.691488670614791801e-01
6.522391319274902344e+00,4.690605605932973154e-01
6.528439521789550781e+00,4.689795311934170652e-01
6.537995100021362305e+00,4.688772775340038224e-01
6.543996810913085938e+00,4.688000772785618220e-01
6.554833412170410156e+00,4.687252274833970667e-01
6.560833930969238281e+00,4.686553941342163077e-01
6.570836067199707031e+00,4.686229124646348887e-01
6.575833797454833984e+00,4.685840812347900619e-01
6.586727619171142578e+00,4.685548807248063885e-01
6.591727733612060547e+00,4.685302981910786091e-01
6.602653980255126953e+00,4.685352390621946306e-01
6.618613481521606445e+00,4.685584894779856180e-01
6.624637365341186523e+00,4.685737898202404494e-01
6.633606433868408203e+00,4.685964754746129168e-01
6.641110658645629883e+00,4.686285541133461408e-01
6.650339126586914062e+00,4.686897068084466822e-01
6.657431125640869141e+00,4.687433147321024562e-01
6.665611267089843750e+00,4.687842377089661561e-01
6.672612190246582031e+00,4.688059499801541241e-01
6.681597471237182617e+00,4.688195929914917293e-01
6.687597513198852539e+00,4.688767756271560172e-01
6.698809385299682617e+00,4.689547951442268880e-01
6.704807281494140625e+00,4.690774457017616861e-01
6.714807510375976562e+00,4.691950055970774414e-01
6.721807241439819336e+00,4.693338125535623240e-01
6.730823516845703125e+00,4.694720041632457486e-01
6.736810445785522461e+00,4.695826578585872157e-01
6.746328115463256836e+00,4.697106830286728041e-01
6.753377676010131836e+00,4.698767294184398313e-01
6.762326717376708984e+00,4.700685266258218808e-01
6.768326520919799805e+00,4.702735062343812444e-01
6.778577804565429688e+00,4.704604117334462154e-01
6.784572362899780273e+00,4.706514580642333634e-01
6.795572519302368164e+00,4.708308088585516638e-01
6.801574468612670898e+00,4.710004951207469315e-01
6.812578439712524414e+00,4.711717307377404351e-01
6.817571878433227539e+00,4.713146719499067272e-01
6.826750516891479492e+00,4.714437338040894376e-01
6.833674192428588867e+00,4.715800741052488809e-01
6.844321966171264648e+00,4.717462282616718960e-01
6.859311819076538086e+00,4.719069332972828379e-01
6.865280151367187500e+00,4.720243440089167408e-01
6.875280618667602539e+00,4.721719605652293650e-01
6.880279302597045898e+00,4.723277189751662331e-01
6.891279935836791992e+00,4.724888214263060493e-01
6.896379947662353516e+00,4.726499933697014821e-01
6.907832622528076172e+00,4.728086439713439226e-01
6.912836551666259766e+00,4.729673289258550239e-01
6.923588037490844727e+00,4.731237495614121213e-01
6.928588628768920898e+00,4.732474338749654286e-01
6.938606977462768555e+00,4.733328718294672055e-01
6.944830894470214844e+00,4.733898241688631048e-01
6.955596685409545898e+00,4.734573331882001579e-01
6.961690187454223633e+00,4.735039673511886038e-01
6.971360206604003906e+00,4.735240614253272140e-01
6.977345943450927734e+00,4.735012878301843031e-01
6.986561536788940430e+00,4.735235378768607450e-01
6.992562532424926758e+00,4.735341295858179755e-01
7.002850532531738281e+00,4.735494040598930976e-01
7.008852243423461914e+00,4.735474000255591176e-01
7.020468950271606445e+00,4.735387843394460727e-01
7.026483297348022461e+00,4.735563658752238725e-01
7.035472154617309570e+00,4.778918436801010139e-01
7.041229248046875000e+00,4.822137153009119492e-01
7.051003694534301758e+00,4.865327031158040438e-01
7.056004047393798828e+00,4.908481245836057161e-01
7.066921949386596680e+00,4.951759653486642598e-01
7.082778215408325195e+00,4.995177985628681538e-01
7.089818000793457031e+00,5.038395765895646861e-01
7.098707914352416992e+00,5.081445568489424414e-01
7.104707717895507812e+00,5.124613021065870244e-01
7.113853216171264648e+00,5.168247088268510536e-01
7.120854139328002930e+00,5.211523717372508191e-01
7.130872964859008789e+00,5.254832089947349960e-01
7.136855840682983398e+00,5.297839412482925336e-01
7.147103309631347656e+00,5.340918170244243202e-01
7.152626991271972656e+00,5.384245793325310725e-01
7.161720037460327148e+00,5.428013869323535801e-01
7.167719602584838867e+00,5.472121624098630344e-01
7.177602052688598633e+00,5.516645276273814957e-01
7.183956146240234375e+00,5.561194947871912486e-01
7.193601131439208984e+00,5.605833895492077223e-01
7.199953079223632812e+00,5.650221822929817339e-01
7.210049629211425781e+00,5.694751690224686413e-01
7.216049671173095703e+00,5.739408053038376201e-01
7.226121664047241211e+00,5.784232872458541230e-01
7.232137918472290039e+00,5.828945388740321976e-01
7.242299795150756836e+00,5.873544247472541890e-01
7.248367309570312500e+00,5.917868290993406610e-01
7.259736776351928711e+00,5.962124158030237542e-01
7.265475034713745117e+00,6.006212598323181773e-01
7.275474786758422852e+00,6.050071174100188909e-01
7.280474901199340820e+00,6.050598348306740482e-01
7.290863752365112305e+00,6.051248467710871326e-01
7.307881355285644531e+00,6.051781240805051976e-01
7.312827348709106445e+00,6.052039865659162299e-01
7.323826789855957031e+00,6.056927827151257215e-01
7.329843282699584961e+00,6.061687254906524824e-01
7.339353322982788086e+00,6.066649368123631092e-01
7.344396114349365234e+00,6.047670396565962836e-01
7.355858325958251953e+00,6.028704431536328068e-01
7.361957788467407227e+00,6.009688561232630066e-01
7.370460033416748047e+00,5.990536464489802926e-01
7.376472949981689453e+00,5.971286824850247088e-01
7.387713193893432617e+00,5.952004293294562709e-01
7.392713069915771484e+00,5.932667267924691679e-01
7.404712915420532227e+00,5.913341829470034616e-01
7.409713029861450195e+00,5.893804319534805547e-01
7.417713165283203125e+00,5.874147181843697441e-01
7.423731803894042969e+00,5.854565040796640973e-01
7.434762716293334961e+00,5.834764183400279469e-01
7.440992832183837891e+00,5.814838763519737386e-01
7.450990676879882812e+00,5.794845664687287012e-01
7.457962751388549805e+00,5.774555536118757271e-01
7.465960979461669922e+00,5.754202933035971190e-01
7.471974372863769531e+00,5.733695873514593755e-01
7.482961177825927734e+00,5.713118037537326943e-01
7.488963127136230469e+00,5.692668368968611947e-01
7.497852087020874023e+00,5.672226305483026865e-01
7.503853082656860352e+00,5.651828153988761594e-01
7.513852119445800781e+00,5.631450536501028115e-01
7.519852161407470703e+00,5.611169436152075862e-01
7.529941320419311523e+00,5.590855468416831009e-01
7.546082496643066406e+00,5.570734428312237307e-01
7.552067279815673828e+00,5.550631604432558763e-01
7.561586141586303711e+00,5.530893902794211670e-01
7.566817998886108398e+00,5.511250544582896316e-01
7.578593969345092773e+00,5.491691179157617286e-01
7.583604097366333008e+00,5.471798943577037555e-01
7.594637870788574219e+00,5.451999971383038046e-01
7.599594354629516602e+00,5.432159258561284343e-01
7.610354900360107422e+00,5.412141332012625483e-01
7.615367650985717773e+00,5.392273759157731883e-01
7.626537561416625977e+00,5.372557275865420534e-01
7.632542610168457031e+00,5.352973470930439959e-01
7.642132520675659180e+00,5.333390386683355411e-01
7.648150682449340820e+00,5.313852848873530377e-01
7.658615112304687500e+00,5.294518650904904700e-01
7.664660692214965820e+00,5.275229053568470938e-01
7.674867868423461914e+00,5.255985017274423798e-01
7.680895328521728516e+00,5.236743047497097736e-01
7.690895318984985352e+00,5.217486601813914326e-01
7.695898056030273438e+00,5.198458735348993054e-01
7.706598520278930664e+00,5.179435239512036881e-01
7.711608648300170898e+00,5.160366069041766313e-01
7.722822427749633789e+00,5.141559075310884186e-01
7.728823661804199219e+00,5.122877413192400420e-01
7.737844944000244141e+00,5.104257391806722444e-01
7.744435787200927734e+00,5.085854676657209916e-01
7.753863096237182617e+00,5.067413115358704312e-01
7.770598411560058594e+00,5.048782234299494798e-01
7.776598691940307617e+00,5.030098828939740807e-01
7.786840438842773438e+00,5.011562916954640512e-01
7.791840553283691406e+00,4.992852570014791325e-01
7.801608562469482422e+00,4.973949620913338254e-01
7.807608127593994141e+00,4.954722273868992777e-01
7.817834138870239258e+00,4.935569944753069871e-01
7.824861764907836914e+00,4.916360473214760884e-01
7.834842681884765625e+00,4.897406498748486658e-01
7.840421199798583984e+00,4.878385548707004360e-01
7.850599527359008789e+00,4.859392668407001570e-01
7.857611656188964844e+00,4.840643565825609174e-01
7.866855859756469727e+00,4.821882883226266681e-01
7.873856306076049805e+00,4.802910106971358672e-01
7.882855176925659180e+00,4.783857529526897023e-01
7.888855457305908203e+00,4.764810454465379652e-01
7.898842811584472656e+00,4.745778321911415243e-01
7.905856132507324219e+00,4.726726017557764670e-01
7.913836956024169922e+00,4.707588083351232910e-01
7.920836925506591797e+00,4.688252965975355790e-01
7.930602073669433594e+00,4.669005797954359216e-01
7.936601877212524414e+00,4.649751912011854116e-01
7.946334362030029297e+00,4.630354036909982707e-01
7.953334331512451172e+00,4.610893872706358643e-01
7.962586879730224609e+00,4.591480954290503846e-01
7.968493938446044922e+00,4.572039792938712988e-01
7.978936195373535156e+00,4.552414199018525731e-01
7.995601177215576172e+00,4.532614597784653254e-01
8.001264810562133789e+00,4.512556255228459823e-01
8.011267900466918945e+00,4.492600607063171880e-01
8.017263174057006836e+00,4.472628387922533699e-01
8.026360511779785156e+00,4.452631945387426349e-01
8.032374382019042969e+00,4.432518795162963543e-01
8.042982578277587891e+00,4.412299740825176286e-01
8.048621177673339844e+00,4.392191464320970851e-01
8.058581352233886719e+00,4.372149677318400429e-01
8.064592838287353516e+00,4.351926130841433094e-01
8.074747323989868164e+00,4.331695421443680916e-01
8.079727411270141602e+00,4.311530188503203131e-01
8.091842412948608398e+00,4.291522332504042470e-01
8.096835374832153320e+00,4.271609132346461668e-01
8.106858968734741211e+00,4.251536742680726566e-01
8.111863136291503906e+00,4.231326316208092742e-01
8.122770547866821289e+00,4.211065468444298854e-01
8.127865791320800781e+00,4.190865102391629904e-01
8.138698577880859375e+00,4.170709159679781841e-01
8.144252538681030273e+00,4.150395763983877884e-01
8.154841423034667969e+00,4.129995580568175950e-01
8.159936189651489258e+00,4.109784954106511790e-01
8.169875144958496094e+00,4.089535899475637004e-01
8.176268100738525391e+00,4.069235559473556862e-01
8.186887025833129883e+00,4.049159215018798830e-01
8.192726373672485352e+00,4.029075948717525391e-01
8.202887296676635742e+00,4.009013855432742024e-01
8.207887172698974609e+00,3.988852431299168000e-01
8.218634366989135742e+00,3.968498065310527845e-01
8.234804391860961914e+00,3.948334521383683460e-01
8.240997791290283203e+00,3.928087180509926557e-01
8.249982833862304688e+00,3.908016226735851473e-01
8.256074666976928711e+00,3.887830235709540672e-01
8.265982866287231445e+00,3.867732599781155134e-01
8.271992683410644531e+00,3.847812776356687170e-01
8.283031463623046875e+00,3.827808141890376437e-01
8.288999795913696289e+00,3.808006853493653421e-01
8.297982931137084961e+00,3.787914418127832916e-01
8.303982973098754883e+00,3.767823840759602638e-01
8.315995931625366211e+00,3.747913368619190666e-01
8.322982788085937500e+00,3.727983583028224857e-01
